{"cameraMode":{"drawMode":0,"name":"Shaded","section":"Shading Mode"},"sceneLighting":true,"audioPlay":false,"sceneViewState":{"showFog":true,"showMaterialUpdate":true,"showSkybox":true,"showFlares":true,"showImageEffects":true,"showParticleSystems":true},"in2DMode":false,"pivot":{"x":8.819709777832032,"y":20.422409057617189,"z":-51.46973419189453},"rotation":{"x":-0.24783636629581452,"y":0.6101857423782349,"z":-0.20921505987644196,"w":-0.7228276133537293},"size":130.2851104736328,"orthographic":false}