{"cameraMode":{"drawMode":0,"name":"Shaded","section":"Shading Mode"},"sceneLighting":true,"audioPlay":false,"sceneViewState":{"showFog":true,"showMaterialUpdate":true,"showSkybox":true,"showFlares":true,"showImageEffects":true,"showParticleSystems":true},"in2DMode":false,"pivot":{"x":105.94732666015625,"y":-405.44171142578127,"z":122.20207214355469},"rotation":{"x":-0.49481201171875,"y":0.022673072293400766,"z":-0.01291549764573574,"w":-0.8686136603355408},"size":1487.35400390625,"orthographic":false}