{"cameraMode":{"drawMode":0,"name":"Shaded","section":"Shading Mode"},"sceneLighting":true,"audioPlay":false,"sceneViewState":{"showFog":true,"showMaterialUpdate":true,"showSkybox":true,"showFlares":true,"showImageEffects":true,"showParticleSystems":true},"in2DMode":false,"pivot":{"x":105.94156646728516,"y":-405.44384765625,"z":122.20309448242188},"rotation":{"x":-0.49481201171875,"y":0.022673072293400766,"z":-0.01291549764573574,"w":-0.8686136603355408},"size":809.6407470703125,"orthographic":false}