{"cameraMode":{"drawMode":0,"name":"Shaded","section":"Shading Mode"},"sceneLighting":true,"audioPlay":false,"sceneViewState":{"showFog":true,"showMaterialUpdate":true,"showSkybox":true,"showFlares":true,"showImageEffects":true,"showParticleSystems":true},"in2DMode":false,"pivot":{"x":-21.799999237060548,"y":41.099998474121097,"z":-135.60000610351563},"rotation":{"x":-0.24783636629581452,"y":0.6101857423782349,"z":-0.20921505987644196,"w":-0.7228276133537293},"size":26.023548126220704,"orthographic":false}