{"cameraMode":{"drawMode":0,"name":"Shaded","section":"Shading Mode"},"sceneLighting":true,"audioPlay":false,"sceneViewState":{"showFog":true,"showMaterialUpdate":true,"showSkybox":true,"showFlares":true,"showImageEffects":true,"showParticleSystems":true},"in2DMode":false,"pivot":{"x":4.500211715698242,"y":-292.99176025390627,"z":299.32379150390627},"rotation":{"x":-0.4646926522254944,"y":0.008497310802340508,"z":-0.004459703341126442,"w":-0.8854244351387024},"size":768.294921875,"orthographic":false}