{"cameraMode":{"drawMode":0,"name":"Shaded","section":"Shading Mode"},"sceneLighting":true,"audioPlay":false,"sceneViewState":{"showFog":true,"showMaterialUpdate":true,"showSkybox":true,"showFlares":true,"showImageEffects":true,"showParticleSystems":true},"in2DMode":false,"pivot":{"x":508.3265380859375,"y":-307.62158203125,"z":308.4347229003906},"rotation":{"x":-0.49481201171875,"y":0.022673072293400766,"z":-0.01291549764573574,"w":-0.8686136603355408},"size":1295.4613037109375,"orthographic":false}